{
"meta":{"test_sets":[],"test_metrics":[],"learn_metrics":[{"best_value":"Min","name":"RMSE"}],"launch_mode":"Train","parameters":"","iteration_count":1000,"learn_sets":["learn"],"name":"experiment"},
"iterations":[
{"learn":[0.5259236235],"iteration":0,"passed_time":0.0009239083567,"remaining_time":0.9229844483},
{"learn":[0.5134040038],"iteration":1,"passed_time":0.001599834023,"remaining_time":0.7983171776},
{"learn":[0.5013741479],"iteration":2,"passed_time":0.002307461396,"remaining_time":0.7668463374},
{"learn":[0.488055401],"iteration":3,"passed_time":0.002983507297,"remaining_time":0.742893317},
{"learn":[0.4757230018],"iteration":4,"passed_time":0.003671887205,"remaining_time":0.7307055539},
{"learn":[0.4632034615],"iteration":5,"passed_time":0.00437888335,"remaining_time":0.7254350083},
{"learn":[0.4515259386],"iteration":6,"passed_time":0.005070339246,"remaining_time":0.7192638387},
{"learn":[0.4408031628],"iteration":7,"passed_time":0.005757897555,"remaining_time":0.7139792968},
{"learn":[0.4297260622],"iteration":8,"passed_time":0.006435396283,"remaining_time":0.7086086352},
{"learn":[0.4182015029],"iteration":9,"passed_time":0.007135950201,"remaining_time":0.7064590699},
{"learn":[0.4087374087],"iteration":10,"passed_time":0.007500369531,"remaining_time":0.674351406},
{"learn":[0.398507586],"iteration":11,"passed_time":0.008201513972,"remaining_time":0.6752579837},
{"learn":[0.3909194507],"iteration":12,"passed_time":0.009035236786,"remaining_time":0.6859829775},
{"learn":[0.3810315556],"iteration":13,"passed_time":0.00983630604,"remaining_time":0.6927569826},
{"learn":[0.3730620516],"iteration":14,"passed_time":0.01049288405,"remaining_time":0.6890327191},
{"learn":[0.3654400577],"iteration":15,"passed_time":0.01115645567,"remaining_time":0.6861220235},
{"learn":[0.358217152],"iteration":16,"passed_time":0.01183133931,"remaining_time":0.6841297963},
{"learn":[0.3501458474],"iteration":17,"passed_time":0.01251148318,"remaining_time":0.6825709159},
{"learn":[0.3407179639],"iteration":18,"passed_time":0.01318383189,"remaining_time":0.6807020569},
{"learn":[0.3313561301],"iteration":19,"passed_time":0.01390592742,"remaining_time":0.6813904437},
{"learn":[0.3235431225],"iteration":20,"passed_time":0.01459833517,"remaining_time":0.6805604825},
{"learn":[0.3163827182],"iteration":21,"passed_time":0.01525309965,"remaining_time":0.6780696116},
{"learn":[0.3087290023],"iteration":22,"passed_time":0.01592879487,"remaining_time":0.6766275036},
{"learn":[0.3015832843],"iteration":23,"passed_time":0.01659092368,"remaining_time":0.6746975629},
{"learn":[0.295740091],"iteration":24,"passed_time":0.0172440149,"remaining_time":0.672516581},
{"learn":[0.2876121302],"iteration":25,"passed_time":0.01791216543,"remaining_time":0.6710172742},
{"learn":[0.2799120335],"iteration":26,"passed_time":0.01857494551,"remaining_time":0.6693859993},
{"learn":[0.2737818644],"iteration":27,"passed_time":0.01925757422,"remaining_time":0.6685129338},
{"learn":[0.2665031448],"iteration":28,"passed_time":0.01998349721,"remaining_time":0.6691026134},
{"learn":[0.2597753725],"iteration":29,"passed_time":0.0206983834,"remaining_time":0.6692477299},
{"learn":[0.2550883015],"iteration":30,"passed_time":0.02119730453,"remaining_time":0.6625867126},
{"learn":[0.249412907],"iteration":31,"passed_time":0.02167850116,"remaining_time":0.6557746602},
{"learn":[0.2433737009],"iteration":32,"passed_time":0.02241053605,"remaining_time":0.6566966168},
{"learn":[0.2385039694],"iteration":33,"passed_time":0.02312794245,"remaining_time":0.6571056591},
{"learn":[0.2335162196],"iteration":34,"passed_time":0.02382845128,"remaining_time":0.6569844425},
{"learn":[0.2293204524],"iteration":35,"passed_time":0.02428418836,"remaining_time":0.6502765994},
{"learn":[0.2240201204],"iteration":36,"passed_time":0.02498986193,"remaining_time":0.6504118118},
{"learn":[0.2180805195],"iteration":37,"passed_time":0.02568679849,"remaining_time":0.6502815829},
{"learn":[0.212779701],"iteration":38,"passed_time":0.02637853493,"remaining_time":0.6499941557},
{"learn":[0.2076214288],"iteration":39,"passed_time":0.02704688586,"remaining_time":0.6491252606},
{"learn":[0.2024519755],"iteration":40,"passed_time":0.02772722011,"remaining_time":0.648546441},
{"learn":[0.1972305192],"iteration":41,"passed_time":0.02845113387,"remaining_time":0.6489568153},
{"learn":[0.1930981601],"iteration":42,"passed_time":0.02914378741,"remaining_time":0.6486187104},
{"learn":[0.1886456053],"iteration":43,"passed_time":0.02998049603,"remaining_time":0.6513944138},
{"learn":[0.1852374547],"iteration":44,"passed_time":0.03064518984,"remaining_time":0.6503590287},
{"learn":[0.181396103],"iteration":45,"passed_time":0.0313082204,"remaining_time":0.6493052666},
{"learn":[0.1779341673],"iteration":46,"passed_time":0.03201155066,"remaining_time":0.6490852719},
{"learn":[0.1737369402],"iteration":47,"passed_time":0.03271167217,"remaining_time":0.6487814981},
{"learn":[0.1704655299],"iteration":48,"passed_time":0.03337741803,"remaining_time":0.6477943784},
{"learn":[0.1670628686],"iteration":49,"passed_time":0.03403688165,"remaining_time":0.6467007514},
{"learn":[0.1641168799],"iteration":50,"passed_time":0.0346824883,"remaining_time":0.6453663019},
{"learn":[0.1602288136],"iteration":51,"passed_time":0.03551076051,"remaining_time":0.64738848},
{"learn":[0.1571990714],"iteration":52,"passed_time":0.03626729683,"remaining_time":0.6480213226},
{"learn":[0.154598069],"iteration":53,"passed_time":0.03698338692,"remaining_time":0.6478941487},
{"learn":[0.1514529375],"iteration":54,"passed_time":0.0376793015,"remaining_time":0.6473989076},
{"learn":[0.1485137243],"iteration":55,"passed_time":0.03835223133,"remaining_time":0.6465090425},
{"learn":[0.146305397],"iteration":56,"passed_time":0.03906733326,"remaining_time":0.6463244782},
{"learn":[0.1445412921],"iteration":57,"passed_time":0.03974490212,"remaining_time":0.645512031},
{"learn":[0.1425165734],"iteration":58,"passed_time":0.04040914505,"remaining_time":0.6444916185},
{"learn":[0.1396708671],"iteration":59,"passed_time":0.0410825458,"remaining_time":0.6436265509},
{"learn":[0.1367814008],"iteration":60,"passed_time":0.04176144726,"remaining_time":0.6428524422},
{"learn":[0.1351367041],"iteration":61,"passed_time":0.04208867419,"remaining_time":0.6367609096},
{"learn":[0.1319960287],"iteration":62,"passed_time":0.04277687375,"remaining_time":0.6362211223},
{"learn":[0.1291263203],"iteration":63,"passed_time":0.04350904891,"remaining_time":0.6363198403},
{"learn":[0.1269540864],"iteration":64,"passed_time":0.04419288998,"remaining_time":0.6356977251},
{"learn":[0.1246140406],"iteration":65,"passed_time":0.04485109115,"remaining_time":0.6347108959},
{"learn":[0.1220729332],"iteration":66,"passed_time":0.04556665397,"remaining_time":0.634532659},
{"learn":[0.1202875795],"iteration":67,"passed_time":0.04605682807,"remaining_time":0.6312494671},
{"learn":[0.1174747909],"iteration":68,"passed_time":0.04677768119,"remaining_time":0.6311597274},
{"learn":[0.1164559439],"iteration":69,"passed_time":0.04703437083,"remaining_time":0.6248852124},
{"learn":[0.1149512183],"iteration":70,"passed_time":0.04773313094,"remaining_time":0.6245644879},
{"learn":[0.1128464569],"iteration":71,"passed_time":0.04840857567,"remaining_time":0.6239327531},
{"learn":[0.1116824838],"iteration":72,"passed_time":0.04918426553,"remaining_time":0.6245727965},
{"learn":[0.1093853638],"iteration":73,"passed_time":0.04989671228,"remaining_time":0.6243831834},
{"learn":[0.1071626002],"iteration":74,"passed_time":0.05059818768,"remaining_time":0.6240443147},
{"learn":[0.1048573596],"iteration":75,"passed_time":0.05144459048,"remaining_time":0.6254579159},
{"learn":[0.1036662269],"iteration":76,"passed_time":0.05220569194,"remaining_time":0.6257903073},
{"learn":[0.1021369636],"iteration":77,"passed_time":0.05272173108,"remaining_time":0.6231978982},
{"learn":[0.1004415836],"iteration":78,"passed_time":0.05342456913,"remaining_time":0.6228357997},
{"learn":[0.09862174862],"iteration":79,"passed_time":0.05412511272,"remaining_time":0.6224387963},
{"learn":[0.09788974745],"iteration":80,"passed_time":0.05485668796,"remaining_time":0.6223863732},
{"learn":[0.09588802719],"iteration":81,"passed_time":0.05561077451,"remaining_time":0.6225694024},
{"learn":[0.09399199864],"iteration":82,"passed_time":0.05632359199,"remaining_time":0.6222739018},
{"learn":[0.09306644521],"iteration":83,"passed_time":0.05705408386,"remaining_time":0.6221612002},
{"learn":[0.09109860116],"iteration":84,"passed_time":0.05776001794,"remaining_time":0.6217696049},
{"learn":[0.089479058],"iteration":85,"passed_time":0.05843786735,"remaining_time":0.6210722181},
{"learn":[0.08810971062],"iteration":86,"passed_time":0.05912518519,"remaining_time":0.6204746446},
{"learn":[0.0866661193],"iteration":87,"passed_time":0.05982111981,"remaining_time":0.6199643325},
{"learn":[0.08527394648],"iteration":88,"passed_time":0.06053558079,"remaining_time":0.6196394843},
{"learn":[0.08393778623],"iteration":89,"passed_time":0.06123431053,"remaining_time":0.6191469176},
{"learn":[0.08261669844],"iteration":90,"passed_time":0.06203637172,"remaining_time":0.6196819988},
{"learn":[0.08165531595],"iteration":91,"passed_time":0.06274156435,"remaining_time":0.6192319612},
{"learn":[0.0806321709],"iteration":92,"passed_time":0.06349218541,"remaining_time":0.6192194857},
{"learn":[0.07993975487],"iteration":93,"passed_time":0.06418717287,"remaining_time":0.6186550917},
{"learn":[0.07898639919],"iteration":94,"passed_time":0.06492485405,"remaining_time":0.6184946623},
{"learn":[0.07811789621],"iteration":95,"passed_time":0.06567131076,"remaining_time":0.618404843},
{"learn":[0.07676628543],"iteration":96,"passed_time":0.0663657988,"remaining_time":0.617817694},
{"learn":[0.07557483077],"iteration":97,"passed_time":0.0672103527,"remaining_time":0.6186095728},
{"learn":[0.07455958897],"iteration":98,"passed_time":0.06794613613,"remaining_time":0.6183784712},
{"learn":[0.07329742422],"iteration":99,"passed_time":0.06867220815,"remaining_time":0.6180498734},
{"learn":[0.07200280957],"iteration":100,"passed_time":0.0693592467,"remaining_time":0.6173659682},
{"learn":[0.07094043462],"iteration":101,"passed_time":0.07003948952,"remaining_time":0.6166221724},
{"learn":[0.06996457239],"iteration":102,"passed_time":0.07072413215,"remaining_time":0.6159179276},
{"learn":[0.06870173078],"iteration":103,"passed_time":0.07143069746,"remaining_time":0.615402932},
{"learn":[0.06825430937],"iteration":104,"passed_time":0.0722260556,"remaining_time":0.6156411406},
{"learn":[0.06783700541],"iteration":105,"passed_time":0.07293726995,"remaining_time":0.6151501824},
{"learn":[0.06681696818],"iteration":106,"passed_time":0.0736602876,"remaining_time":0.6147536152},
{"learn":[0.06655334777],"iteration":107,"passed_time":0.07391044452,"remaining_time":0.6104455232},
{"learn":[0.06598780384],"iteration":108,"passed_time":0.07459382438,"remaining_time":0.6097531883},
{"learn":[0.06533400959],"iteration":109,"passed_time":0.07527420873,"remaining_time":0.6090367797},
{"learn":[0.06444298768],"iteration":110,"passed_time":0.07593363227,"remaining_time":0.608153145},
{"learn":[0.06365178134],"iteration":111,"passed_time":0.07661038956,"remaining_time":0.6074109458},
{"learn":[0.06280973819],"iteration":112,"passed_time":0.07737313421,"remaining_time":0.6073448677},
{"learn":[0.06180835261],"iteration":113,"passed_time":0.0780679767,"remaining_time":0.6067388365},
{"learn":[0.06128041813],"iteration":114,"passed_time":0.07875227867,"remaining_time":0.6060501446},
{"learn":[0.06025154197],"iteration":115,"passed_time":0.07940916728,"remaining_time":0.6051526197},
{"learn":[0.0594234053],"iteration":116,"passed_time":0.08012112308,"remaining_time":0.6046748007},
{"learn":[0.05843524738],"iteration":117,"passed_time":0.08079853164,"remaining_time":0.6039347873},
{"learn":[0.05754339221],"iteration":118,"passed_time":0.08148820406,"remaining_time":0.60328662},
{"learn":[0.05666852309],"iteration":119,"passed_time":0.08217596276,"remaining_time":0.6026237269},
{"learn":[0.05598519513],"iteration":120,"passed_time":0.08285555556,"remaining_time":0.601901102},
{"learn":[0.0552777576],"iteration":121,"passed_time":0.08353089008,"remaining_time":0.6011485368},
{"learn":[0.05444553057],"iteration":122,"passed_time":0.08421120554,"remaining_time":0.6004327419},
{"learn":[0.05373970539],"iteration":123,"passed_time":0.08489747133,"remaining_time":0.5997595556},
{"learn":[0.05319499538],"iteration":124,"passed_time":0.08557438768,"remaining_time":0.5990207138},
{"learn":[0.05289999032],"iteration":125,"passed_time":0.0862271683,"remaining_time":0.5981154372},
{"learn":[0.05215384794],"iteration":126,"passed_time":0.08693795181,"remaining_time":0.5976128499},
{"learn":[0.05145902477],"iteration":127,"passed_time":0.0876291973,"remaining_time":0.5969739066},
{"learn":[0.05090277536],"iteration":128,"passed_time":0.0883425959,"remaining_time":0.5964837289},
{"learn":[0.05003941945],"iteration":129,"passed_time":0.08902222879,"remaining_time":0.5957641465},
{"learn":[0.04935401279],"iteration":130,"passed_time":0.08971354441,"remaining_time":0.5951226725},
{"learn":[0.04916760284],"iteration":131,"passed_time":0.09036834896,"remaining_time":0.5942403553},
{"learn":[0.04856004543],"iteration":132,"passed_time":0.09105460474,"remaining_time":0.5935664835},
{"learn":[0.0481060427],"iteration":133,"passed_time":0.09174438863,"remaining_time":0.592915228},
{"learn":[0.04795385264],"iteration":134,"passed_time":0.09219330243,"remaining_time":0.5907200489},
{"learn":[0.04744902483],"iteration":135,"passed_time":0.09285497911,"remaining_time":0.5899022202},
{"learn":[0.0467151653],"iteration":136,"passed_time":0.09354249734,"remaining_time":0.589249454},
{"learn":[0.04609312993],"iteration":137,"passed_time":0.09423427386,"remaining_time":0.5886227831},
{"learn":[0.04564912132],"iteration":138,"passed_time":0.09491608097,"remaining_time":0.5879334224},
{"learn":[0.04501332568],"iteration":139,"passed_time":0.09559729694,"remaining_time":0.5872405383},
{"learn":[0.04478765598],"iteration":140,"passed_time":0.09626942521,"remaining_time":0.5864924557},
{"learn":[0.04447687681],"iteration":141,"passed_time":0.09694353735,"remaining_time":0.5857574299},
{"learn":[0.04421271877],"iteration":142,"passed_time":0.09761304051,"remaining_time":0.5849956344},
{"learn":[0.04375711854],"iteration":143,"passed_time":0.09828047966,"remaining_time":0.5842228513},
{"learn":[0.04350003577],"iteration":144,"passed_time":0.09895290852,"remaining_time":0.5834809434},
{"learn":[0.04285986521],"iteration":145,"passed_time":0.09962169028,"remaining_time":0.5827186541},
{"learn":[0.04277786755],"iteration":146,"passed_time":0.09986282965,"remaining_time":0.5794761476},
{"learn":[0.042371206],"iteration":147,"passed_time":0.1005480133,"remaining_time":0.5788304552},
{"learn":[0.04195857486],"iteration":148,"passed_time":0.1012399802,"remaining_time":0.5782229743},
{"learn":[0.04168682975],"iteration":149,"passed_time":0.1019041831,"remaining_time":0.5774570375},
{"learn":[0.04143714141],"iteration":150,"passed_time":0.102656158,"remaining_time":0.5771859481},
{"learn":[0.04081018087],"iteration":151,"passed_time":0.1033810477,"remaining_time":0.5767574243},
{"learn":[0.04038722237],"iteration":152,"passed_time":0.1041221503,"remaining_time":0.5764147796},
{"learn":[0.03997571149],"iteration":153,"passed_time":0.1048742589,"remaining_time":0.5761274224},
{"learn":[0.03954348415],"iteration":154,"passed_time":0.1055811802,"remaining_time":0.5755877245},
{"learn":[0.03911218019],"iteration":155,"passed_time":0.1062654421,"remaining_time":0.5749232894},
{"learn":[0.03872484545],"iteration":156,"passed_time":0.1069996312,"remaining_time":0.5745266822},
{"learn":[0.03827730082],"iteration":157,"passed_time":0.1076735298,"remaining_time":0.5738045069},
{"learn":[0.03813663482],"iteration":158,"passed_time":0.1083499095,"remaining_time":0.573096062},
{"learn":[0.037711676],"iteration":159,"passed_time":0.1090195529,"remaining_time":0.5723526528},
{"learn":[0.03728364378],"iteration":160,"passed_time":0.1097017708,"remaining_time":0.5716756877},
{"learn":[0.03690316888],"iteration":161,"passed_time":0.1103573669,"remaining_time":0.5708609474},
{"learn":[0.03661529795],"iteration":162,"passed_time":0.1110233532,"remaining_time":0.5701015133},
{"learn":[0.03628382586],"iteration":163,"passed_time":0.1117130457,"remaining_time":0.5694640622},
{"learn":[0.0362326783],"iteration":164,"passed_time":0.1119539346,"remaining_time":0.5665547599},
{"learn":[0.03609581876],"iteration":165,"passed_time":0.1126181174,"remaining_time":0.5658042765},
{"learn":[0.03590122366],"iteration":166,"passed_time":0.1132901154,"remaining_time":0.5650938092},
{"learn":[0.03562477155],"iteration":167,"passed_time":0.1139894767,"remaining_time":0.5645193132},
{"learn":[0.03544810639],"iteration":168,"passed_time":0.1146617953,"remaining_time":0.5638103665},
{"learn":[0.03530937958],"iteration":169,"passed_time":0.1153402973,"remaining_time":0.5631320396},
{"learn":[0.03511941486],"iteration":170,"passed_time":0.1160837531,"remaining_time":0.5627686044},
{"learn":[0.03494898157],"iteration":171,"passed_time":0.1167617027,"remaining_time":0.5620854062},
{"learn":[0.03453617077],"iteration":172,"passed_time":0.1174466159,"remaining_time":0.561435557},
{"learn":[0.03421575006],"iteration":173,"passed_time":0.1181035045,"remaining_time":0.5606522686},
{"learn":[0.03401035153],"iteration":174,"passed_time":0.1187917889,"remaining_time":0.5600184335},
{"learn":[0.03386827109],"iteration":175,"passed_time":0.1194972843,"remaining_time":0.5594645585},
{"learn":[0.03366010579],"iteration":176,"passed_time":0.1201716902,"remaining_time":0.5587644125},
{"learn":[0.03350296968],"iteration":177,"passed_time":0.120842045,"remaining_time":0.5580458482},
{"learn":[0.03340291085],"iteration":178,"passed_time":0.1214808384,"remaining_time":0.5571830632},
{"learn":[0.03322091598],"iteration":179,"passed_time":0.1221698295,"remaining_time":0.5565514454},
{"learn":[0.03283562922],"iteration":180,"passed_time":0.1228361565,"remaining_time":0.5558166417},
{"learn":[0.0326739621],"iteration":181,"passed_time":0.1234934358,"remaining_time":0.5550419259},
{"learn":[0.03230681121],"iteration":182,"passed_time":0.1241842505,"remaining_time":0.5544182112},
{"learn":[0.03218054032],"iteration":183,"passed_time":0.1249482476,"remaining_time":0.5541183154},
{"learn":[0.03210382365],"iteration":184,"passed_time":0.1256172498,"remaining_time":0.5533949111},
{"learn":[0.03178347205],"iteration":185,"passed_time":0.1262836469,"remaining_time":0.5526606912},
{"learn":[0.031638012],"iteration":186,"passed_time":0.1269539616,"remaining_time":0.5519442289},
{"learn":[0.03149739472],"iteration":187,"passed_time":0.1276273223,"remaining_time":0.5512414134},
{"learn":[0.03138176635],"iteration":188,"passed_time":0.128290954,"remaining_time":0.5504971626},
{"learn":[0.03122836142],"iteration":189,"passed_time":0.1289410995,"remaining_time":0.5496962664},
{"learn":[0.03101478467],"iteration":190,"passed_time":0.1296211733,"remaining_time":0.549023713},
{"learn":[0.03088864858],"iteration":191,"passed_time":0.1304665488,"remaining_time":0.5490467261},
{"learn":[0.03075801779],"iteration":192,"passed_time":0.1311732543,"remaining_time":0.5484809133},
{"learn":[0.03069662246],"iteration":193,"passed_time":0.1318200433,"remaining_time":0.547664716},
{"learn":[0.03043599133],"iteration":194,"passed_time":0.1324870015,"remaining_time":0.5469335191},
{"learn":[0.0303217525],"iteration":195,"passed_time":0.1332882511,"remaining_time":0.5467538464},
{"learn":[0.03023521077],"iteration":196,"passed_time":0.133933467,"remaining_time":0.5459318478},
{"learn":[0.03008306644],"iteration":197,"passed_time":0.134600335,"remaining_time":0.5451993369},
{"learn":[0.02993975096],"iteration":198,"passed_time":0.1352929532,"remaining_time":0.5445711332},
{"learn":[0.02987391249],"iteration":199,"passed_time":0.1359830264,"remaining_time":0.5439321056},
{"learn":[0.02955732592],"iteration":200,"passed_time":0.136658381,"remaining_time":0.5432340616},
{"learn":[0.02940188326],"iteration":201,"passed_time":0.1373087168,"remaining_time":0.542437406},
{"learn":[0.02923648233],"iteration":202,"passed_time":0.1379777992,"remaining_time":0.5417157928},
{"learn":[0.02911393233],"iteration":203,"passed_time":0.1386470719,"remaining_time":0.5409954373},
{"learn":[0.02894721007],"iteration":204,"passed_time":0.1393288389,"remaining_time":0.5403240339},
{"learn":[0.02886382645],"iteration":205,"passed_time":0.140010616,"remaining_time":0.5396525684},
{"learn":[0.02876589894],"iteration":206,"passed_time":0.1406745583,"remaining_time":0.5389126799},
{"learn":[0.02865685046],"iteration":207,"passed_time":0.1413448931,"remaining_time":0.5381978622},
{"learn":[0.02854308279],"iteration":208,"passed_time":0.1420059999,"remaining_time":0.5374485452},
{"learn":[0.02833645711],"iteration":209,"passed_time":0.1426683692,"remaining_time":0.5367048175},
{"learn":[0.02825985237],"iteration":210,"passed_time":0.143351569,"remaining_time":0.5360397534},
{"learn":[0.02797182908],"iteration":211,"passed_time":0.1440143591,"remaining_time":0.5352986556},
{"learn":[0.0276818929],"iteration":212,"passed_time":0.1446869182,"remaining_time":0.5345943881},
{"learn":[0.0275135019],"iteration":213,"passed_time":0.1453325449,"remaining_time":0.5337914968},
{"learn":[0.02743559786],"iteration":214,"passed_time":0.1459868485,"remaining_time":0.5330217492},
{"learn":[0.02734833459],"iteration":215,"passed_time":0.14666064,"remaining_time":0.5323238045},
{"learn":[0.02725994094],"iteration":216,"passed_time":0.1474381634,"remaining_time":0.5320003778},
{"learn":[0.02716510599],"iteration":217,"passed_time":0.1481111734,"remaining_time":0.531297879},
{"learn":[0.02707094356],"iteration":218,"passed_time":0.1487918784,"remaining_time":0.5306230915},
{"learn":[0.02701739311],"iteration":219,"passed_time":0.1494432363,"remaining_time":0.5298442013},
{"learn":[0.02695199341],"iteration":220,"passed_time":0.1500801159,"remaining_time":0.5290154312},
{"learn":[0.02685973437],"iteration":221,"passed_time":0.1507547391,"remaining_time":0.5283206621},
{"learn":[0.02677122644],"iteration":222,"passed_time":0.1515176841,"remaining_time":0.5279338141},
{"learn":[0.02669085049],"iteration":223,"passed_time":0.1521962148,"remaining_time":0.5272511728},
{"learn":[0.02664563401],"iteration":224,"passed_time":0.1528452081,"remaining_time":0.5264668278},
{"learn":[0.02657458749],"iteration":225,"passed_time":0.1535116854,"remaining_time":0.5257435596},
{"learn":[0.02630814322],"iteration":226,"passed_time":0.1542022395,"remaining_time":0.5251027803},
{"learn":[0.02622688417],"iteration":227,"passed_time":0.1548687869,"remaining_time":0.5243802785},
{"learn":[0.02615367494],"iteration":228,"passed_time":0.1555360156,"remaining_time":0.5236605592},
{"learn":[0.02590688016],"iteration":229,"passed_time":0.1562074626,"remaining_time":0.5229554183},
{"learn":[0.02583258166],"iteration":230,"passed_time":0.1570592252,"remaining_time":0.5228508406},
{"learn":[0.0257428992],"iteration":231,"passed_time":0.1579139843,"remaining_time":0.5227497411},
{"learn":[0.02562210103],"iteration":232,"passed_time":0.1588946227,"remaining_time":0.5230565478},
{"learn":[0.02555178304],"iteration":233,"passed_time":0.159604254,"remaining_time":0.5224652076},
{"learn":[0.02543897066],"iteration":234,"passed_time":0.1602845482,"remaining_time":0.521777359},
{"learn":[0.02532961332],"iteration":235,"passed_time":0.1610209284,"remaining_time":0.5212711411},
{"learn":[0.02523864733],"iteration":236,"passed_time":0.1616736821,"remaining_time":0.5204937529},
{"learn":[0.02519671154],"iteration":237,"passed_time":0.1624312266,"remaining_time":0.5200529189},
{"learn":[0.02512771099],"iteration":238,"passed_time":0.163150667,"remaining_time":0.519488107},
{"learn":[0.02506442614],"iteration":239,"passed_time":0.1639564266,"remaining_time":0.519195351},
{"learn":[0.02493395677],"iteration":240,"passed_time":0.1647160239,"remaining_time":0.518752955},
{"learn":[0.02487315725],"iteration":241,"passed_time":0.1654689097,"remaining_time":0.5182869155},
{"learn":[0.0248383018],"iteration":242,"passed_time":0.1661722684,"remaining_time":0.5176642272},
{"learn":[0.02477601238],"iteration":243,"passed_time":0.1668595863,"remaining_time":0.5169911772},
{"learn":[0.02467653076],"iteration":244,"passed_time":0.1676033286,"remaining_time":0.5164918903},
{"learn":[0.02460075289],"iteration":245,"passed_time":0.168414032,"remaining_time":0.5161958541},
{"learn":[0.0245341249],"iteration":246,"passed_time":0.1692371942,"remaining_time":0.5159336326},
{"learn":[0.02447768168],"iteration":247,"passed_time":0.1699816032,"remaining_time":0.5154280871},
{"learn":[0.02440407176],"iteration":248,"passed_time":0.1706871966,"remaining_time":0.5148035528},
{"learn":[0.02436513636],"iteration":249,"passed_time":0.1713613989,"remaining_time":0.5140841967},
{"learn":[0.02433306318],"iteration":250,"passed_time":0.1720364341,"remaining_time":0.5133676858},
{"learn":[0.0242168759],"iteration":251,"passed_time":0.1727562439,"remaining_time":0.5127844066},
{"learn":[0.02415993214],"iteration":252,"passed_time":0.1735255667,"remaining_time":0.5123462384},
{"learn":[0.02411315122],"iteration":253,"passed_time":0.1743124931,"remaining_time":0.5119571648},
{"learn":[0.02405717512],"iteration":254,"passed_time":0.1750671132,"remaining_time":0.5114705857},
{"learn":[0.02400092035],"iteration":255,"passed_time":0.1758452278,"remaining_time":0.5110501932},
{"learn":[0.02397000363],"iteration":256,"passed_time":0.1765421744,"remaining_time":0.5103923562},
{"learn":[0.02394541115],"iteration":257,"passed_time":0.1773223129,"remaining_time":0.5099734735},
{"learn":[0.02369731205],"iteration":258,"passed_time":0.1780223254,"remaining_time":0.5093225604},
{"learn":[0.02364642101],"iteration":259,"passed_time":0.1787319868,"remaining_time":0.5086987316},
{"learn":[0.02362046401],"iteration":260,"passed_time":0.1795177716,"remaining_time":0.5082897824},
{"learn":[0.02343632803],"iteration":261,"passed_time":0.1802220571,"remaining_time":0.5076483899},
{"learn":[0.023413876],"iteration":262,"passed_time":0.1809025717,"remaining_time":0.5069399063},
{"learn":[0.02322320776],"iteration":263,"passed_time":0.1815818439,"remaining_time":0.5062281709},
{"learn":[0.02317393907],"iteration":264,"passed_time":0.1822578798,"remaining_time":0.5055077043},
{"learn":[0.02313908533],"iteration":265,"passed_time":0.1829516915,"remaining_time":0.5048366225},
{"learn":[0.02308160433],"iteration":266,"passed_time":0.1837110696,"remaining_time":0.5043453709},
{"learn":[0.02302655246],"iteration":267,"passed_time":0.1844185868,"remaining_time":0.5037104684},
{"learn":[0.02292949694],"iteration":268,"passed_time":0.185267399,"remaining_time":0.5034589913},
{"learn":[0.02289776999],"iteration":269,"passed_time":0.185948655,"remaining_time":0.5027500673},
{"learn":[0.02286605234],"iteration":270,"passed_time":0.1865951033,"remaining_time":0.5019477133},
{"learn":[0.02282022012],"iteration":271,"passed_time":0.1872543966,"remaining_time":0.501180885},
{"learn":[0.02271243709],"iteration":272,"passed_time":0.1879134106,"remaining_time":0.5004141007},
{"learn":[0.02263252186],"iteration":273,"passed_time":0.1886106164,"remaining_time":0.4997492976},
{"learn":[0.0225558029],"iteration":274,"passed_time":0.1894387383,"remaining_time":0.4994294011},
{"learn":[0.02246647367],"iteration":275,"passed_time":0.1901952308,"remaining_time":0.4989179244},
{"learn":[0.02242696171],"iteration":276,"passed_time":0.1908753747,"remaining_time":0.4982054004},
{"learn":[0.02234654825],"iteration":277,"passed_time":0.1916136317,"remaining_time":0.4976440363},
{"learn":[0.02227733799],"iteration":278,"passed_time":0.1922833553,"remaining_time":0.4969042981},
{"learn":[0.02222062528],"iteration":279,"passed_time":0.1929661243,"remaining_time":0.4961986053},
{"learn":[0.02217539346],"iteration":280,"passed_time":0.1936460277,"remaining_time":0.4954857435},
{"learn":[0.02204638081],"iteration":281,"passed_time":0.1943525175,"remaining_time":0.4948408071},
{"learn":[0.02199882214],"iteration":282,"passed_time":0.1950206233,"remaining_time":0.4940981869},
{"learn":[0.02191561511],"iteration":283,"passed_time":0.1956799567,"remaining_time":0.4933339753},
{"learn":[0.02176064803],"iteration":284,"passed_time":0.1963549652,"remaining_time":0.4926098251},
{"learn":[0.02167725022],"iteration":285,"passed_time":0.1970306705,"remaining_time":0.4918877578},
{"learn":[0.02162577375],"iteration":286,"passed_time":0.1977204732,"remaining_time":0.4912010361},
{"learn":[0.02155058903],"iteration":287,"passed_time":0.1983904425,"remaining_time":0.4904652607},
{"learn":[0.02150819876],"iteration":288,"passed_time":0.1990876897,"remaining_time":0.4897970498},
{"learn":[0.02139480467],"iteration":289,"passed_time":0.1998510957,"remaining_time":0.4892906135},
{"learn":[0.02132949271],"iteration":290,"passed_time":0.2005855706,"remaining_time":0.4887119229},
{"learn":[0.02130488908],"iteration":291,"passed_time":0.2012940643,"remaining_time":0.4880691697},
{"learn":[0.02125236416],"iteration":292,"passed_time":0.2019817332,"remaining_time":0.4873757179},
{"learn":[0.02121922044],"iteration":293,"passed_time":0.2027049806,"remaining_time":0.4867677426},
{"learn":[0.02117938169],"iteration":294,"passed_time":0.2036022471,"remaining_time":0.4865748618},
{"learn":[0.02108998317],"iteration":295,"passed_time":0.204372306,"remaining_time":0.4860746738},
{"learn":[0.02105433367],"iteration":296,"passed_time":0.2051820926,"remaining_time":0.485666704},
{"learn":[0.02099341184],"iteration":297,"passed_time":0.2060663434,"remaining_time":0.4854314533},
{"learn":[0.02087928382],"iteration":298,"passed_time":0.2068887545,"remaining_time":0.4850468794},
{"learn":[0.02082018902],"iteration":299,"passed_time":0.2076263202,"remaining_time":0.4844614137},
{"learn":[0.02077749099],"iteration":300,"passed_time":0.2083850166,"remaining_time":0.4839240087},
{"learn":[0.02073661075],"iteration":301,"passed_time":0.2090866436,"remaining_time":0.4832532358},
{"learn":[0.02068732246],"iteration":302,"passed_time":0.2099263405,"remaining_time":0.4828998658},
{"learn":[0.02056285891],"iteration":303,"passed_time":0.2107691673,"remaining_time":0.482550462},
{"learn":[0.02052988556],"iteration":304,"passed_time":0.2114716847,"remaining_time":0.4818781013},
{"learn":[0.02050928782],"iteration":305,"passed_time":0.2122326412,"remaining_time":0.4813380817},
{"learn":[0.020353927],"iteration":306,"passed_time":0.2129797354,"remaining_time":0.4807653311},
{"learn":[0.02023139246],"iteration":307,"passed_time":0.2137245812,"remaining_time":0.4801863967},
{"learn":[0.02021233788],"iteration":308,"passed_time":0.2144394852,"remaining_time":0.4795394313}
]}